rank,title,year,worldwide_gross
1,Avatar,2009,2923710708
2,Avengers: Endgame,2019,2797501328
3,Avatar: The Way of Water,2022,2334484620
4,Titanic,1997,2257906828
5,Spider-Man: Brand New Day,2026,2232609757
6,Ne Zha 2,2025,2217758382
7,Star Wars: The Force Awakens,2015,2068223624
8,Avengers: Infinity War,2018,2048359754
9,Spider-Man: No Way Home,2021,1922598800
10,Zootopia 2,2025,1866647950
11,Inside Out 2,2024,1698863816
12,Jurassic World,2015,1671537444
13,The Lion King,2019,1656943394
14,The Avengers,2012,1518815515
15,Furious 7,2015,1515341399
16,Top Gun: Maverick,2022,1503260455
17,Avatar: Fire and Ash,2025,1485999890
18,The Odyssey,2026,1456145500
19,Frozen 2,2019,1450026933
20,Barbie,2023,1447138421
21,Avengers: Age of Ultron,2015,1402809540
22,The Super Mario Bros. Movie,2023,1360783214
23,Black Panther,2018,1347280838
24,Harry Potter and the Deathly Hallows – Part 2,2011,1342139727
25,Deadpool & Wolverine,2024,1338073645
26,Star Wars: The Last Jedi,2017,1332539889
27,Jurassic World: Fallen Kingdom,2018,1308476166
28,Frozen,2013,1290000000
29,Beauty and the Beast,2017,1263521126
30,Incredibles 2,2018,1242805359
31,The Fate of the Furious,2017,1238764765
32,Iron Man 3,2013,1214811252
33,Minions,2015,1159444662
34,Captain America: Civil War,2016,1153337496
35,Aquaman,2018,1148528393
36,The Lord of the Rings: The Return of the King,2003,1147997407
37,Spider-Man: Far From Home,2019,1132679685
38,Toy Story 5,2026,1128954825
39,Captain Marvel,2019,1128274794
40,Transformers: Dark of the Moon,2011,1123794079
41,Skyfall,2012,1108594137
42,Transformers: Age of Extinction,2014,1104054072
43,The Dark Knight Rises,2012,1081169825
44,Joker,2019,1074458282
45,Star Wars: The Rise of Skywalker,2019,1074144248
46,Toy Story 4,2019,1073394593
47,Toy Story 3,2010,1066970811
48,Pirates of the Caribbean: Dead Man's Chest,2006,1066179747
49,Moana 2,2024,1059242164
50,Rogue One: A Star Wars Story,2016,1057420387
